path,label,label_name,category
G:\CodexProjects\New project 3\data\Ai_generated_dataset\animals\image-10.png,1,ai,animals
G:\CodexProjects\New project 3\data\Ai_generated_dataset\animals\image-11.png,1,ai,animals
G:\CodexProjects\New project 3\data\Ai_generated_dataset\animals\image-12.png,1,ai,animals
G:\CodexProjects\New project 3\data\Ai_generated_dataset\animals\image-13.png,1,ai,animals
G:\CodexProjects\New project 3\data\Ai_generated_dataset\animals\image-14.png,1,ai,animals
G:\CodexProjects\New project 3\data\Ai_generated_dataset\animals\image-15.png,1,ai,animals
G:\CodexProjects\New project 3\data\Ai_generated_dataset\animals\image-16.png,1,ai,animals
G:\CodexProjects\New project 3\data\Ai_generated_dataset\animals\image-17.png,1,ai,animals
G:\CodexProjects\New project 3\data\Ai_generated_dataset\animals\image-18.png,1,ai,animals
G:\CodexProjects\New project 3\data\Ai_generated_dataset\animals\image-19.png,1,ai,animals
G:\CodexProjects\New project 3\data\Ai_generated_dataset\animals\image-2.png,1,ai,animals
G:\CodexProjects\New project 3\data\Ai_generated_dataset\animals\image-20.png,1,ai,animals
G:\CodexProjects\New project 3\data\Ai_generated_dataset\animals\image-21.png,1,ai,animals
G:\CodexProjects\New project 3\data\Ai_generated_dataset\animals\image-22.png,1,ai,animals
G:\CodexProjects\New project 3\data\Ai_generated_dataset\animals\image-23.png,1,ai,animals
G:\CodexProjects\New project 3\data\Ai_generated_dataset\animals\image-24.png,1,ai,animals
G:\CodexProjects\New project 3\data\Ai_generated_dataset\animals\image-25.png,1,ai,animals
G:\CodexProjects\New project 3\data\Ai_generated_dataset\animals\image-26.png,1,ai,animals
G:\CodexProjects\New project 3\data\Ai_generated_dataset\animals\image-27.png,1,ai,animals
G:\CodexProjects\New project 3\data\Ai_generated_dataset\animals\image-28.png,1,ai,animals
G:\CodexProjects\New project 3\data\Ai_generated_dataset\animals\image-29.png,1,ai,animals
G:\CodexProjects\New project 3\data\Ai_generated_dataset\animals\image-3.png,1,ai,animals
G:\CodexProjects\New project 3\data\Ai_generated_dataset\animals\image-30.png,1,ai,animals
G:\CodexProjects\New project 3\data\Ai_generated_dataset\animals\image-31.png,1,ai,animals
G:\CodexProjects\New project 3\data\Ai_generated_dataset\animals\image-32.png,1,ai,animals
G:\CodexProjects\New project 3\data\Ai_generated_dataset\animals\image-33.png,1,ai,animals
G:\CodexProjects\New project 3\data\Ai_generated_dataset\animals\image-34.png,1,ai,animals
G:\CodexProjects\New project 3\data\Ai_generated_dataset\animals\image-35.png,1,ai,animals
G:\CodexProjects\New project 3\data\Ai_generated_dataset\animals\image-36.png,1,ai,animals
G:\CodexProjects\New project 3\data\Ai_generated_dataset\animals\image-37.png,1,ai,animals
G:\CodexProjects\New project 3\data\Ai_generated_dataset\animals\image-38.png,1,ai,animals
G:\CodexProjects\New project 3\data\Ai_generated_dataset\animals\image-39.png,1,ai,animals
G:\CodexProjects\New project 3\data\Ai_generated_dataset\animals\image-4.png,1,ai,animals
G:\CodexProjects\New project 3\data\Ai_generated_dataset\animals\image-40.png,1,ai,animals
G:\CodexProjects\New project 3\data\Ai_generated_dataset\animals\image-41.png,1,ai,animals
G:\CodexProjects\New project 3\data\Ai_generated_dataset\animals\image-42.png,1,ai,animals
G:\CodexProjects\New project 3\data\Ai_generated_dataset\animals\image-43.png,1,ai,animals
G:\CodexProjects\New project 3\data\Ai_generated_dataset\animals\image-44.png,1,ai,animals
G:\CodexProjects\New project 3\data\Ai_generated_dataset\animals\image-45.png,1,ai,animals
G:\CodexProjects\New project 3\data\Ai_generated_dataset\animals\image-46.png,1,ai,animals
G:\CodexProjects\New project 3\data\Ai_generated_dataset\animals\image-47.png,1,ai,animals
G:\CodexProjects\New project 3\data\Ai_generated_dataset\animals\image-48.png,1,ai,animals
G:\CodexProjects\New project 3\data\Ai_generated_dataset\animals\image-49.png,1,ai,animals
G:\CodexProjects\New project 3\data\Ai_generated_dataset\animals\image-5.png,1,ai,animals
G:\CodexProjects\New project 3\data\Ai_generated_dataset\animals\image-50.png,1,ai,animals
G:\CodexProjects\New project 3\data\Ai_generated_dataset\animals\image-6.png,1,ai,animals
G:\CodexProjects\New project 3\data\Ai_generated_dataset\animals\image-7.png,1,ai,animals
G:\CodexProjects\New project 3\data\Ai_generated_dataset\animals\image-8.png,1,ai,animals
G:\CodexProjects\New project 3\data\Ai_generated_dataset\animals\image-9.png,1,ai,animals
G:\CodexProjects\New project 3\data\Ai_generated_dataset\animals\image.png,1,ai,animals
G:\CodexProjects\New project 3\data\Ai_generated_dataset\city\image-10.png,1,ai,city
G:\CodexProjects\New project 3\data\Ai_generated_dataset\city\image-11.png,1,ai,city
G:\CodexProjects\New project 3\data\Ai_generated_dataset\city\image-12.png,1,ai,city
G:\CodexProjects\New project 3\data\Ai_generated_dataset\city\image-13.png,1,ai,city
G:\CodexProjects\New project 3\data\Ai_generated_dataset\city\image-14.png,1,ai,city
G:\CodexProjects\New project 3\data\Ai_generated_dataset\city\image-15.png,1,ai,city
G:\CodexProjects\New project 3\data\Ai_generated_dataset\city\image-16.png,1,ai,city
G:\CodexProjects\New project 3\data\Ai_generated_dataset\city\image-17.png,1,ai,city
G:\CodexProjects\New project 3\data\Ai_generated_dataset\city\image-18.png,1,ai,city
G:\CodexProjects\New project 3\data\Ai_generated_dataset\city\image-19.png,1,ai,city
G:\CodexProjects\New project 3\data\Ai_generated_dataset\city\image-2.png,1,ai,city
G:\CodexProjects\New project 3\data\Ai_generated_dataset\city\image-20.png,1,ai,city
G:\CodexProjects\New project 3\data\Ai_generated_dataset\city\image-21.png,1,ai,city
G:\CodexProjects\New project 3\data\Ai_generated_dataset\city\image-22.png,1,ai,city
G:\CodexProjects\New project 3\data\Ai_generated_dataset\city\image-23.png,1,ai,city
G:\CodexProjects\New project 3\data\Ai_generated_dataset\city\image-24.png,1,ai,city
G:\CodexProjects\New project 3\data\Ai_generated_dataset\city\image-25.png,1,ai,city
G:\CodexProjects\New project 3\data\Ai_generated_dataset\city\image-26.png,1,ai,city
G:\CodexProjects\New project 3\data\Ai_generated_dataset\city\image-27.png,1,ai,city
G:\CodexProjects\New project 3\data\Ai_generated_dataset\city\image-28.png,1,ai,city
G:\CodexProjects\New project 3\data\Ai_generated_dataset\city\image-29.png,1,ai,city
G:\CodexProjects\New project 3\data\Ai_generated_dataset\city\image-3.png,1,ai,city
G:\CodexProjects\New project 3\data\Ai_generated_dataset\city\image-30.png,1,ai,city
G:\CodexProjects\New project 3\data\Ai_generated_dataset\city\image-31.png,1,ai,city
G:\CodexProjects\New project 3\data\Ai_generated_dataset\city\image-32.png,1,ai,city
G:\CodexProjects\New project 3\data\Ai_generated_dataset\city\image-33.png,1,ai,city
G:\CodexProjects\New project 3\data\Ai_generated_dataset\city\image-34.png,1,ai,city
G:\CodexProjects\New project 3\data\Ai_generated_dataset\city\image-35.png,1,ai,city
G:\CodexProjects\New project 3\data\Ai_generated_dataset\city\image-36.png,1,ai,city
G:\CodexProjects\New project 3\data\Ai_generated_dataset\city\image-37.png,1,ai,city
G:\CodexProjects\New project 3\data\Ai_generated_dataset\city\image-38.png,1,ai,city
G:\CodexProjects\New project 3\data\Ai_generated_dataset\city\image-39.png,1,ai,city
G:\CodexProjects\New project 3\data\Ai_generated_dataset\city\image-4.png,1,ai,city
G:\CodexProjects\New project 3\data\Ai_generated_dataset\city\image-40.png,1,ai,city
G:\CodexProjects\New project 3\data\Ai_generated_dataset\city\image-41.png,1,ai,city
G:\CodexProjects\New project 3\data\Ai_generated_dataset\city\image-42.png,1,ai,city
G:\CodexProjects\New project 3\data\Ai_generated_dataset\city\image-43.png,1,ai,city
G:\CodexProjects\New project 3\data\Ai_generated_dataset\city\image-44.png,1,ai,city
G:\CodexProjects\New project 3\data\Ai_generated_dataset\city\image-45.png,1,ai,city
G:\CodexProjects\New project 3\data\Ai_generated_dataset\city\image-46.png,1,ai,city
G:\CodexProjects\New project 3\data\Ai_generated_dataset\city\image-47.png,1,ai,city
G:\CodexProjects\New project 3\data\Ai_generated_dataset\city\image-48.png,1,ai,city
G:\CodexProjects\New project 3\data\Ai_generated_dataset\city\image-49.png,1,ai,city
G:\CodexProjects\New project 3\data\Ai_generated_dataset\city\image-5.png,1,ai,city
G:\CodexProjects\New project 3\data\Ai_generated_dataset\city\image-50.png,1,ai,city
G:\CodexProjects\New project 3\data\Ai_generated_dataset\city\image-6.png,1,ai,city
G:\CodexProjects\New project 3\data\Ai_generated_dataset\city\image-7.png,1,ai,city
G:\CodexProjects\New project 3\data\Ai_generated_dataset\city\image-8.png,1,ai,city
G:\CodexProjects\New project 3\data\Ai_generated_dataset\city\image-9.png,1,ai,city
G:\CodexProjects\New project 3\data\Ai_generated_dataset\city\image.png,1,ai,city
G:\CodexProjects\New project 3\data\Ai_generated_dataset\food\image-10.png,1,ai,food
G:\CodexProjects\New project 3\data\Ai_generated_dataset\food\image-11.png,1,ai,food
G:\CodexProjects\New project 3\data\Ai_generated_dataset\food\image-12.png,1,ai,food
G:\CodexProjects\New project 3\data\Ai_generated_dataset\food\image-13.png,1,ai,food
G:\CodexProjects\New project 3\data\Ai_generated_dataset\food\image-14.png,1,ai,food
G:\CodexProjects\New project 3\data\Ai_generated_dataset\food\image-15.png,1,ai,food
G:\CodexProjects\New project 3\data\Ai_generated_dataset\food\image-16.png,1,ai,food
G:\CodexProjects\New project 3\data\Ai_generated_dataset\food\image-17.png,1,ai,food
G:\CodexProjects\New project 3\data\Ai_generated_dataset\food\image-18.png,1,ai,food
G:\CodexProjects\New project 3\data\Ai_generated_dataset\food\image-19.png,1,ai,food
G:\CodexProjects\New project 3\data\Ai_generated_dataset\food\image-2.png,1,ai,food
G:\CodexProjects\New project 3\data\Ai_generated_dataset\food\image-20.png,1,ai,food
G:\CodexProjects\New project 3\data\Ai_generated_dataset\food\image-21.png,1,ai,food
G:\CodexProjects\New project 3\data\Ai_generated_dataset\food\image-22.png,1,ai,food
G:\CodexProjects\New project 3\data\Ai_generated_dataset\food\image-23.png,1,ai,food
G:\CodexProjects\New project 3\data\Ai_generated_dataset\food\image-24.png,1,ai,food
G:\CodexProjects\New project 3\data\Ai_generated_dataset\food\image-25.png,1,ai,food
G:\CodexProjects\New project 3\data\Ai_generated_dataset\food\image-26.png,1,ai,food
G:\CodexProjects\New project 3\data\Ai_generated_dataset\food\image-27.png,1,ai,food
G:\CodexProjects\New project 3\data\Ai_generated_dataset\food\image-28.png,1,ai,food
G:\CodexProjects\New project 3\data\Ai_generated_dataset\food\image-29.png,1,ai,food
G:\CodexProjects\New project 3\data\Ai_generated_dataset\food\image-3.png,1,ai,food
G:\CodexProjects\New project 3\data\Ai_generated_dataset\food\image-30.png,1,ai,food
G:\CodexProjects\New project 3\data\Ai_generated_dataset\food\image-31.png,1,ai,food
G:\CodexProjects\New project 3\data\Ai_generated_dataset\food\image-32.png,1,ai,food
G:\CodexProjects\New project 3\data\Ai_generated_dataset\food\image-33.png,1,ai,food
G:\CodexProjects\New project 3\data\Ai_generated_dataset\food\image-34.png,1,ai,food
G:\CodexProjects\New project 3\data\Ai_generated_dataset\food\image-35.png,1,ai,food
G:\CodexProjects\New project 3\data\Ai_generated_dataset\food\image-36.png,1,ai,food
G:\CodexProjects\New project 3\data\Ai_generated_dataset\food\image-37.png,1,ai,food
G:\CodexProjects\New project 3\data\Ai_generated_dataset\food\image-38.png,1,ai,food
G:\CodexProjects\New project 3\data\Ai_generated_dataset\food\image-39.png,1,ai,food
G:\CodexProjects\New project 3\data\Ai_generated_dataset\food\image-4.png,1,ai,food
G:\CodexProjects\New project 3\data\Ai_generated_dataset\food\image-40.png,1,ai,food
G:\CodexProjects\New project 3\data\Ai_generated_dataset\food\image-41.png,1,ai,food
G:\CodexProjects\New project 3\data\Ai_generated_dataset\food\image-42.png,1,ai,food
G:\CodexProjects\New project 3\data\Ai_generated_dataset\food\image-43.png,1,ai,food
G:\CodexProjects\New project 3\data\Ai_generated_dataset\food\image-44.png,1,ai,food
G:\CodexProjects\New project 3\data\Ai_generated_dataset\food\image-45.png,1,ai,food
G:\CodexProjects\New project 3\data\Ai_generated_dataset\food\image-46.png,1,ai,food
G:\CodexProjects\New project 3\data\Ai_generated_dataset\food\image-47.png,1,ai,food
G:\CodexProjects\New project 3\data\Ai_generated_dataset\food\image-48.png,1,ai,food
G:\CodexProjects\New project 3\data\Ai_generated_dataset\food\image-49.png,1,ai,food
G:\CodexProjects\New project 3\data\Ai_generated_dataset\food\image-5.png,1,ai,food
G:\CodexProjects\New project 3\data\Ai_generated_dataset\food\image-50.png,1,ai,food
G:\CodexProjects\New project 3\data\Ai_generated_dataset\food\image-6.png,1,ai,food
G:\CodexProjects\New project 3\data\Ai_generated_dataset\food\image-7.png,1,ai,food
G:\CodexProjects\New project 3\data\Ai_generated_dataset\food\image-8.png,1,ai,food
G:\CodexProjects\New project 3\data\Ai_generated_dataset\food\image-9.png,1,ai,food
G:\CodexProjects\New project 3\data\Ai_generated_dataset\food\image.png,1,ai,food
G:\CodexProjects\New project 3\data\Ai_generated_dataset\nature\image-10.png,1,ai,nature
G:\CodexProjects\New project 3\data\Ai_generated_dataset\nature\image-11.png,1,ai,nature
G:\CodexProjects\New project 3\data\Ai_generated_dataset\nature\image-12.png,1,ai,nature
G:\CodexProjects\New project 3\data\Ai_generated_dataset\nature\image-13.png,1,ai,nature
G:\CodexProjects\New project 3\data\Ai_generated_dataset\nature\image-14.png,1,ai,nature
G:\CodexProjects\New project 3\data\Ai_generated_dataset\nature\image-15.png,1,ai,nature
G:\CodexProjects\New project 3\data\Ai_generated_dataset\nature\image-16.png,1,ai,nature
G:\CodexProjects\New project 3\data\Ai_generated_dataset\nature\image-17.png,1,ai,nature
G:\CodexProjects\New project 3\data\Ai_generated_dataset\nature\image-18.png,1,ai,nature
G:\CodexProjects\New project 3\data\Ai_generated_dataset\nature\image-19.png,1,ai,nature
G:\CodexProjects\New project 3\data\Ai_generated_dataset\nature\image-2.png,1,ai,nature
G:\CodexProjects\New project 3\data\Ai_generated_dataset\nature\image-20.png,1,ai,nature
G:\CodexProjects\New project 3\data\Ai_generated_dataset\nature\image-21.png,1,ai,nature
G:\CodexProjects\New project 3\data\Ai_generated_dataset\nature\image-22.png,1,ai,nature
G:\CodexProjects\New project 3\data\Ai_generated_dataset\nature\image-23.png,1,ai,nature
G:\CodexProjects\New project 3\data\Ai_generated_dataset\nature\image-24.png,1,ai,nature
G:\CodexProjects\New project 3\data\Ai_generated_dataset\nature\image-25.png,1,ai,nature
G:\CodexProjects\New project 3\data\Ai_generated_dataset\nature\image-26.png,1,ai,nature
G:\CodexProjects\New project 3\data\Ai_generated_dataset\nature\image-27.png,1,ai,nature
G:\CodexProjects\New project 3\data\Ai_generated_dataset\nature\image-28.png,1,ai,nature
G:\CodexProjects\New project 3\data\Ai_generated_dataset\nature\image-29.png,1,ai,nature
G:\CodexProjects\New project 3\data\Ai_generated_dataset\nature\image-3.png,1,ai,nature
G:\CodexProjects\New project 3\data\Ai_generated_dataset\nature\image-30.png,1,ai,nature
G:\CodexProjects\New project 3\data\Ai_generated_dataset\nature\image-31.png,1,ai,nature
G:\CodexProjects\New project 3\data\Ai_generated_dataset\nature\image-32.png,1,ai,nature
G:\CodexProjects\New project 3\data\Ai_generated_dataset\nature\image-33.png,1,ai,nature
G:\CodexProjects\New project 3\data\Ai_generated_dataset\nature\image-34.png,1,ai,nature
G:\CodexProjects\New project 3\data\Ai_generated_dataset\nature\image-35.png,1,ai,nature
G:\CodexProjects\New project 3\data\Ai_generated_dataset\nature\image-36.png,1,ai,nature
G:\CodexProjects\New project 3\data\Ai_generated_dataset\nature\image-37.png,1,ai,nature
G:\CodexProjects\New project 3\data\Ai_generated_dataset\nature\image-38.png,1,ai,nature
G:\CodexProjects\New project 3\data\Ai_generated_dataset\nature\image-39.png,1,ai,nature
G:\CodexProjects\New project 3\data\Ai_generated_dataset\nature\image-4.png,1,ai,nature
G:\CodexProjects\New project 3\data\Ai_generated_dataset\nature\image-40.png,1,ai,nature
G:\CodexProjects\New project 3\data\Ai_generated_dataset\nature\image-41.png,1,ai,nature
G:\CodexProjects\New project 3\data\Ai_generated_dataset\nature\image-42.png,1,ai,nature
G:\CodexProjects\New project 3\data\Ai_generated_dataset\nature\image-43.png,1,ai,nature
G:\CodexProjects\New project 3\data\Ai_generated_dataset\nature\image-44.png,1,ai,nature
G:\CodexProjects\New project 3\data\Ai_generated_dataset\nature\image-45.png,1,ai,nature
G:\CodexProjects\New project 3\data\Ai_generated_dataset\nature\image-46.png,1,ai,nature
G:\CodexProjects\New project 3\data\Ai_generated_dataset\nature\image-47.png,1,ai,nature
G:\CodexProjects\New project 3\data\Ai_generated_dataset\nature\image-48.png,1,ai,nature
G:\CodexProjects\New project 3\data\Ai_generated_dataset\nature\image-49.png,1,ai,nature
G:\CodexProjects\New project 3\data\Ai_generated_dataset\nature\image-5.png,1,ai,nature
G:\CodexProjects\New project 3\data\Ai_generated_dataset\nature\image-50.png,1,ai,nature
G:\CodexProjects\New project 3\data\Ai_generated_dataset\nature\image-6.png,1,ai,nature
G:\CodexProjects\New project 3\data\Ai_generated_dataset\nature\image-7.png,1,ai,nature
G:\CodexProjects\New project 3\data\Ai_generated_dataset\nature\image-8.png,1,ai,nature
G:\CodexProjects\New project 3\data\Ai_generated_dataset\nature\image-9.png,1,ai,nature
G:\CodexProjects\New project 3\data\Ai_generated_dataset\nature\image.png,1,ai,nature
G:\CodexProjects\New project 3\data\Ai_generated_dataset\people\image-10.png,1,ai,people
G:\CodexProjects\New project 3\data\Ai_generated_dataset\people\image-11.png,1,ai,people
G:\CodexProjects\New project 3\data\Ai_generated_dataset\people\image-12.png,1,ai,people
G:\CodexProjects\New project 3\data\Ai_generated_dataset\people\image-13.png,1,ai,people
G:\CodexProjects\New project 3\data\Ai_generated_dataset\people\image-14.png,1,ai,people
G:\CodexProjects\New project 3\data\Ai_generated_dataset\people\image-15.png,1,ai,people
G:\CodexProjects\New project 3\data\Ai_generated_dataset\people\image-16.png,1,ai,people
G:\CodexProjects\New project 3\data\Ai_generated_dataset\people\image-17.png,1,ai,people
G:\CodexProjects\New project 3\data\Ai_generated_dataset\people\image-18.png,1,ai,people
G:\CodexProjects\New project 3\data\Ai_generated_dataset\people\image-19.png,1,ai,people
G:\CodexProjects\New project 3\data\Ai_generated_dataset\people\image-2.png,1,ai,people
G:\CodexProjects\New project 3\data\Ai_generated_dataset\people\image-20.png,1,ai,people
G:\CodexProjects\New project 3\data\Ai_generated_dataset\people\image-21.png,1,ai,people
G:\CodexProjects\New project 3\data\Ai_generated_dataset\people\image-22.png,1,ai,people
G:\CodexProjects\New project 3\data\Ai_generated_dataset\people\image-23.png,1,ai,people
G:\CodexProjects\New project 3\data\Ai_generated_dataset\people\image-24.png,1,ai,people
G:\CodexProjects\New project 3\data\Ai_generated_dataset\people\image-25.png,1,ai,people
G:\CodexProjects\New project 3\data\Ai_generated_dataset\people\image-26.png,1,ai,people
G:\CodexProjects\New project 3\data\Ai_generated_dataset\people\image-27.png,1,ai,people
G:\CodexProjects\New project 3\data\Ai_generated_dataset\people\image-28.png,1,ai,people
G:\CodexProjects\New project 3\data\Ai_generated_dataset\people\image-29.png,1,ai,people
G:\CodexProjects\New project 3\data\Ai_generated_dataset\people\image-3.png,1,ai,people
G:\CodexProjects\New project 3\data\Ai_generated_dataset\people\image-30.png,1,ai,people
G:\CodexProjects\New project 3\data\Ai_generated_dataset\people\image-31.png,1,ai,people
G:\CodexProjects\New project 3\data\Ai_generated_dataset\people\image-32.png,1,ai,people
G:\CodexProjects\New project 3\data\Ai_generated_dataset\people\image-33.png,1,ai,people
G:\CodexProjects\New project 3\data\Ai_generated_dataset\people\image-34.png,1,ai,people
G:\CodexProjects\New project 3\data\Ai_generated_dataset\people\image-35.png,1,ai,people
G:\CodexProjects\New project 3\data\Ai_generated_dataset\people\image-36.png,1,ai,people
G:\CodexProjects\New project 3\data\Ai_generated_dataset\people\image-37.png,1,ai,people
G:\CodexProjects\New project 3\data\Ai_generated_dataset\people\image-38.png,1,ai,people
G:\CodexProjects\New project 3\data\Ai_generated_dataset\people\image-39.png,1,ai,people
G:\CodexProjects\New project 3\data\Ai_generated_dataset\people\image-4.png,1,ai,people
G:\CodexProjects\New project 3\data\Ai_generated_dataset\people\image-40.png,1,ai,people
G:\CodexProjects\New project 3\data\Ai_generated_dataset\people\image-41.png,1,ai,people
G:\CodexProjects\New project 3\data\Ai_generated_dataset\people\image-42.png,1,ai,people
G:\CodexProjects\New project 3\data\Ai_generated_dataset\people\image-43.png,1,ai,people
G:\CodexProjects\New project 3\data\Ai_generated_dataset\people\image-44.png,1,ai,people
G:\CodexProjects\New project 3\data\Ai_generated_dataset\people\image-45.png,1,ai,people
G:\CodexProjects\New project 3\data\Ai_generated_dataset\people\image-46.png,1,ai,people
G:\CodexProjects\New project 3\data\Ai_generated_dataset\people\image-47.png,1,ai,people
G:\CodexProjects\New project 3\data\Ai_generated_dataset\people\image-48.png,1,ai,people
G:\CodexProjects\New project 3\data\Ai_generated_dataset\people\image-49.png,1,ai,people
G:\CodexProjects\New project 3\data\Ai_generated_dataset\people\image-5.png,1,ai,people
G:\CodexProjects\New project 3\data\Ai_generated_dataset\people\image-50.png,1,ai,people
G:\CodexProjects\New project 3\data\Ai_generated_dataset\people\image-6.png,1,ai,people
G:\CodexProjects\New project 3\data\Ai_generated_dataset\people\image-7.png,1,ai,people
G:\CodexProjects\New project 3\data\Ai_generated_dataset\people\image-8.png,1,ai,people
G:\CodexProjects\New project 3\data\Ai_generated_dataset\people\image-9.png,1,ai,people
G:\CodexProjects\New project 3\data\Ai_generated_dataset\people\image.png,1,ai,people
G:\CodexProjects\New project 3\data\real_dataset\animals\animals_0.jpg,0,real,animals
G:\CodexProjects\New project 3\data\real_dataset\animals\animals_1.jpg,0,real,animals
G:\CodexProjects\New project 3\data\real_dataset\animals\animals_10.jpg,0,real,animals
G:\CodexProjects\New project 3\data\real_dataset\animals\animals_100.jpg,0,real,animals
G:\CodexProjects\New project 3\data\real_dataset\animals\animals_101.jpg,0,real,animals
G:\CodexProjects\New project 3\data\real_dataset\animals\animals_102.jpg,0,real,animals
G:\CodexProjects\New project 3\data\real_dataset\animals\animals_103.jpg,0,real,animals
G:\CodexProjects\New project 3\data\real_dataset\animals\animals_104.jpg,0,real,animals
G:\CodexProjects\New project 3\data\real_dataset\animals\animals_105.jpg,0,real,animals
G:\CodexProjects\New project 3\data\real_dataset\animals\animals_106.jpg,0,real,animals
G:\CodexProjects\New project 3\data\real_dataset\animals\animals_107.jpg,0,real,animals
G:\CodexProjects\New project 3\data\real_dataset\animals\animals_108.jpg,0,real,animals
G:\CodexProjects\New project 3\data\real_dataset\animals\animals_109.jpg,0,real,animals
G:\CodexProjects\New project 3\data\real_dataset\animals\animals_11.jpg,0,real,animals
G:\CodexProjects\New project 3\data\real_dataset\animals\animals_110.jpg,0,real,animals
G:\CodexProjects\New project 3\data\real_dataset\animals\animals_111.jpg,0,real,animals
G:\CodexProjects\New project 3\data\real_dataset\animals\animals_112.jpg,0,real,animals
G:\CodexProjects\New project 3\data\real_dataset\animals\animals_113.jpg,0,real,animals
G:\CodexProjects\New project 3\data\real_dataset\animals\animals_114.jpg,0,real,animals
G:\CodexProjects\New project 3\data\real_dataset\animals\animals_115.jpg,0,real,animals
G:\CodexProjects\New project 3\data\real_dataset\animals\animals_116.jpg,0,real,animals
G:\CodexProjects\New project 3\data\real_dataset\animals\animals_117.jpg,0,real,animals
G:\CodexProjects\New project 3\data\real_dataset\animals\animals_118.jpg,0,real,animals
G:\CodexProjects\New project 3\data\real_dataset\animals\animals_119.jpg,0,real,animals
G:\CodexProjects\New project 3\data\real_dataset\animals\animals_12.jpg,0,real,animals
G:\CodexProjects\New project 3\data\real_dataset\animals\animals_120.jpg,0,real,animals
G:\CodexProjects\New project 3\data\real_dataset\animals\animals_121.jpg,0,real,animals
G:\CodexProjects\New project 3\data\real_dataset\animals\animals_122.jpg,0,real,animals
G:\CodexProjects\New project 3\data\real_dataset\animals\animals_123.jpg,0,real,animals
G:\CodexProjects\New project 3\data\real_dataset\animals\animals_124.jpg,0,real,animals
G:\CodexProjects\New project 3\data\real_dataset\animals\animals_125.jpg,0,real,animals
G:\CodexProjects\New project 3\data\real_dataset\animals\animals_126.jpg,0,real,animals
G:\CodexProjects\New project 3\data\real_dataset\animals\animals_127.jpg,0,real,animals
G:\CodexProjects\New project 3\data\real_dataset\animals\animals_128.jpg,0,real,animals
G:\CodexProjects\New project 3\data\real_dataset\animals\animals_129.jpg,0,real,animals
G:\CodexProjects\New project 3\data\real_dataset\animals\animals_13.jpg,0,real,animals
G:\CodexProjects\New project 3\data\real_dataset\animals\animals_130.jpg,0,real,animals
G:\CodexProjects\New project 3\data\real_dataset\animals\animals_131.jpg,0,real,animals
G:\CodexProjects\New project 3\data\real_dataset\animals\animals_132.jpg,0,real,animals
G:\CodexProjects\New project 3\data\real_dataset\animals\animals_133.jpg,0,real,animals
G:\CodexProjects\New project 3\data\real_dataset\animals\animals_134.jpg,0,real,animals
G:\CodexProjects\New project 3\data\real_dataset\animals\animals_135.jpg,0,real,animals
G:\CodexProjects\New project 3\data\real_dataset\animals\animals_136.jpg,0,real,animals
G:\CodexProjects\New project 3\data\real_dataset\animals\animals_137.jpg,0,real,animals
G:\CodexProjects\New project 3\data\real_dataset\animals\animals_138.jpg,0,real,animals
G:\CodexProjects\New project 3\data\real_dataset\animals\animals_139.jpg,0,real,animals
G:\CodexProjects\New project 3\data\real_dataset\animals\animals_14.jpg,0,real,animals
G:\CodexProjects\New project 3\data\real_dataset\animals\animals_140.jpg,0,real,animals
G:\CodexProjects\New project 3\data\real_dataset\animals\animals_141.jpg,0,real,animals
G:\CodexProjects\New project 3\data\real_dataset\animals\animals_142.jpg,0,real,animals
G:\CodexProjects\New project 3\data\real_dataset\animals\animals_143.jpg,0,real,animals
G:\CodexProjects\New project 3\data\real_dataset\animals\animals_144.jpg,0,real,animals
G:\CodexProjects\New project 3\data\real_dataset\animals\animals_145.jpg,0,real,animals
G:\CodexProjects\New project 3\data\real_dataset\animals\animals_146.jpg,0,real,animals
G:\CodexProjects\New project 3\data\real_dataset\animals\animals_147.jpg,0,real,animals
G:\CodexProjects\New project 3\data\real_dataset\animals\animals_15.jpg,0,real,animals
G:\CodexProjects\New project 3\data\real_dataset\animals\animals_16.jpg,0,real,animals
G:\CodexProjects\New project 3\data\real_dataset\animals\animals_17.jpg,0,real,animals
G:\CodexProjects\New project 3\data\real_dataset\animals\animals_18.jpg,0,real,animals
G:\CodexProjects\New project 3\data\real_dataset\animals\animals_19.jpg,0,real,animals
G:\CodexProjects\New project 3\data\real_dataset\animals\animals_2.jpg,0,real,animals
G:\CodexProjects\New project 3\data\real_dataset\animals\animals_20.jpg,0,real,animals
G:\CodexProjects\New project 3\data\real_dataset\animals\animals_21.jpg,0,real,animals
G:\CodexProjects\New project 3\data\real_dataset\animals\animals_22.jpg,0,real,animals
G:\CodexProjects\New project 3\data\real_dataset\animals\animals_23.jpg,0,real,animals
G:\CodexProjects\New project 3\data\real_dataset\animals\animals_24.jpg,0,real,animals
G:\CodexProjects\New project 3\data\real_dataset\animals\animals_25.jpg,0,real,animals
G:\CodexProjects\New project 3\data\real_dataset\animals\animals_26.jpg,0,real,animals
G:\CodexProjects\New project 3\data\real_dataset\animals\animals_27.jpg,0,real,animals
G:\CodexProjects\New project 3\data\real_dataset\animals\animals_28.jpg,0,real,animals
G:\CodexProjects\New project 3\data\real_dataset\animals\animals_29.jpg,0,real,animals
G:\CodexProjects\New project 3\data\real_dataset\animals\animals_3.jpg,0,real,animals
G:\CodexProjects\New project 3\data\real_dataset\animals\animals_30.jpg,0,real,animals
G:\CodexProjects\New project 3\data\real_dataset\animals\animals_31.jpg,0,real,animals
G:\CodexProjects\New project 3\data\real_dataset\animals\animals_32.jpg,0,real,animals
G:\CodexProjects\New project 3\data\real_dataset\animals\animals_33.jpg,0,real,animals
G:\CodexProjects\New project 3\data\real_dataset\animals\animals_34.jpg,0,real,animals
G:\CodexProjects\New project 3\data\real_dataset\animals\animals_35.jpg,0,real,animals
G:\CodexProjects\New project 3\data\real_dataset\animals\animals_36.jpg,0,real,animals
G:\CodexProjects\New project 3\data\real_dataset\animals\animals_37.jpg,0,real,animals
G:\CodexProjects\New project 3\data\real_dataset\animals\animals_38.jpg,0,real,animals
G:\CodexProjects\New project 3\data\real_dataset\animals\animals_39.jpg,0,real,animals
G:\CodexProjects\New project 3\data\real_dataset\animals\animals_4.jpg,0,real,animals
G:\CodexProjects\New project 3\data\real_dataset\animals\animals_40.jpg,0,real,animals
G:\CodexProjects\New project 3\data\real_dataset\animals\animals_41.jpg,0,real,animals
G:\CodexProjects\New project 3\data\real_dataset\animals\animals_42.jpg,0,real,animals
G:\CodexProjects\New project 3\data\real_dataset\animals\animals_43.jpg,0,real,animals
G:\CodexProjects\New project 3\data\real_dataset\animals\animals_44.jpg,0,real,animals
G:\CodexProjects\New project 3\data\real_dataset\animals\animals_45.jpg,0,real,animals
G:\CodexProjects\New project 3\data\real_dataset\animals\animals_46.jpg,0,real,animals
G:\CodexProjects\New project 3\data\real_dataset\animals\animals_47.jpg,0,real,animals
G:\CodexProjects\New project 3\data\real_dataset\animals\animals_48.jpg,0,real,animals
G:\CodexProjects\New project 3\data\real_dataset\animals\animals_49.jpg,0,real,animals
G:\CodexProjects\New project 3\data\real_dataset\animals\animals_5.jpg,0,real,animals
G:\CodexProjects\New project 3\data\real_dataset\animals\animals_50.jpg,0,real,animals
G:\CodexProjects\New project 3\data\real_dataset\animals\animals_51.jpg,0,real,animals
G:\CodexProjects\New project 3\data\real_dataset\animals\animals_52.jpg,0,real,animals
G:\CodexProjects\New project 3\data\real_dataset\animals\animals_53.jpg,0,real,animals
G:\CodexProjects\New project 3\data\real_dataset\animals\animals_54.jpg,0,real,animals
G:\CodexProjects\New project 3\data\real_dataset\animals\animals_55.jpg,0,real,animals
G:\CodexProjects\New project 3\data\real_dataset\animals\animals_56.jpg,0,real,animals
G:\CodexProjects\New project 3\data\real_dataset\animals\animals_57.jpg,0,real,animals
G:\CodexProjects\New project 3\data\real_dataset\animals\animals_58.jpg,0,real,animals
G:\CodexProjects\New project 3\data\real_dataset\animals\animals_59.jpg,0,real,animals
G:\CodexProjects\New project 3\data\real_dataset\animals\animals_6.jpg,0,real,animals
G:\CodexProjects\New project 3\data\real_dataset\animals\animals_60.jpg,0,real,animals
G:\CodexProjects\New project 3\data\real_dataset\animals\animals_61.jpg,0,real,animals
G:\CodexProjects\New project 3\data\real_dataset\animals\animals_62.jpg,0,real,animals
G:\CodexProjects\New project 3\data\real_dataset\animals\animals_63.jpg,0,real,animals
G:\CodexProjects\New project 3\data\real_dataset\animals\animals_64.jpg,0,real,animals
G:\CodexProjects\New project 3\data\real_dataset\animals\animals_65.jpg,0,real,animals
G:\CodexProjects\New project 3\data\real_dataset\animals\animals_66.jpg,0,real,animals
G:\CodexProjects\New project 3\data\real_dataset\animals\animals_67.jpg,0,real,animals
G:\CodexProjects\New project 3\data\real_dataset\animals\animals_68.jpg,0,real,animals
G:\CodexProjects\New project 3\data\real_dataset\animals\animals_69.jpg,0,real,animals
G:\CodexProjects\New project 3\data\real_dataset\animals\animals_7.jpg,0,real,animals
G:\CodexProjects\New project 3\data\real_dataset\animals\animals_70.jpg,0,real,animals
G:\CodexProjects\New project 3\data\real_dataset\animals\animals_71.jpg,0,real,animals
G:\CodexProjects\New project 3\data\real_dataset\animals\animals_72.jpg,0,real,animals
G:\CodexProjects\New project 3\data\real_dataset\animals\animals_73.jpg,0,real,animals
G:\CodexProjects\New project 3\data\real_dataset\animals\animals_74.jpg,0,real,animals
G:\CodexProjects\New project 3\data\real_dataset\animals\animals_75.jpg,0,real,animals
G:\CodexProjects\New project 3\data\real_dataset\animals\animals_76.jpg,0,real,animals
G:\CodexProjects\New project 3\data\real_dataset\animals\animals_77.jpg,0,real,animals
G:\CodexProjects\New project 3\data\real_dataset\animals\animals_78.jpg,0,real,animals
G:\CodexProjects\New project 3\data\real_dataset\animals\animals_79.jpg,0,real,animals
G:\CodexProjects\New project 3\data\real_dataset\animals\animals_8.jpg,0,real,animals
G:\CodexProjects\New project 3\data\real_dataset\animals\animals_80.jpg,0,real,animals
G:\CodexProjects\New project 3\data\real_dataset\animals\animals_81.jpg,0,real,animals
G:\CodexProjects\New project 3\data\real_dataset\animals\animals_82.jpg,0,real,animals
G:\CodexProjects\New project 3\data\real_dataset\animals\animals_83.jpg,0,real,animals
G:\CodexProjects\New project 3\data\real_dataset\animals\animals_84.jpg,0,real,animals
G:\CodexProjects\New project 3\data\real_dataset\animals\animals_85.jpg,0,real,animals
G:\CodexProjects\New project 3\data\real_dataset\animals\animals_86.jpg,0,real,animals
G:\CodexProjects\New project 3\data\real_dataset\animals\animals_87.jpg,0,real,animals
G:\CodexProjects\New project 3\data\real_dataset\animals\animals_88.jpg,0,real,animals
G:\CodexProjects\New project 3\data\real_dataset\animals\animals_89.jpg,0,real,animals
G:\CodexProjects\New project 3\data\real_dataset\animals\animals_9.jpg,0,real,animals
G:\CodexProjects\New project 3\data\real_dataset\animals\animals_90.jpg,0,real,animals
G:\CodexProjects\New project 3\data\real_dataset\animals\animals_91.jpg,0,real,animals
G:\CodexProjects\New project 3\data\real_dataset\animals\animals_92.jpg,0,real,animals
G:\CodexProjects\New project 3\data\real_dataset\animals\animals_93.jpg,0,real,animals
G:\CodexProjects\New project 3\data\real_dataset\animals\animals_94.jpg,0,real,animals
G:\CodexProjects\New project 3\data\real_dataset\animals\animals_95.jpg,0,real,animals
G:\CodexProjects\New project 3\data\real_dataset\animals\animals_96.jpg,0,real,animals
G:\CodexProjects\New project 3\data\real_dataset\animals\animals_97.jpg,0,real,animals
G:\CodexProjects\New project 3\data\real_dataset\animals\animals_98.jpg,0,real,animals
G:\CodexProjects\New project 3\data\real_dataset\animals\animals_99.jpg,0,real,animals
G:\CodexProjects\New project 3\data\real_dataset\city\city_0.jpg,0,real,city
G:\CodexProjects\New project 3\data\real_dataset\city\city_1.jpg,0,real,city
G:\CodexProjects\New project 3\data\real_dataset\city\city_10.jpg,0,real,city
G:\CodexProjects\New project 3\data\real_dataset\city\city_100.jpg,0,real,city
G:\CodexProjects\New project 3\data\real_dataset\city\city_101.jpg,0,real,city
G:\CodexProjects\New project 3\data\real_dataset\city\city_102.jpg,0,real,city
G:\CodexProjects\New project 3\data\real_dataset\city\city_103.jpg,0,real,city
G:\CodexProjects\New project 3\data\real_dataset\city\city_104.jpg,0,real,city
G:\CodexProjects\New project 3\data\real_dataset\city\city_105.jpg,0,real,city
G:\CodexProjects\New project 3\data\real_dataset\city\city_106.jpg,0,real,city
G:\CodexProjects\New project 3\data\real_dataset\city\city_107.jpg,0,real,city
G:\CodexProjects\New project 3\data\real_dataset\city\city_108.jpg,0,real,city
G:\CodexProjects\New project 3\data\real_dataset\city\city_109.jpg,0,real,city
G:\CodexProjects\New project 3\data\real_dataset\city\city_11.jpg,0,real,city
G:\CodexProjects\New project 3\data\real_dataset\city\city_110.jpg,0,real,city
G:\CodexProjects\New project 3\data\real_dataset\city\city_111.jpg,0,real,city
G:\CodexProjects\New project 3\data\real_dataset\city\city_112.jpg,0,real,city
G:\CodexProjects\New project 3\data\real_dataset\city\city_113.jpg,0,real,city
G:\CodexProjects\New project 3\data\real_dataset\city\city_114.jpg,0,real,city
G:\CodexProjects\New project 3\data\real_dataset\city\city_115.jpg,0,real,city
G:\CodexProjects\New project 3\data\real_dataset\city\city_116.jpg,0,real,city
G:\CodexProjects\New project 3\data\real_dataset\city\city_117.jpg,0,real,city
G:\CodexProjects\New project 3\data\real_dataset\city\city_118.jpg,0,real,city
G:\CodexProjects\New project 3\data\real_dataset\city\city_119.jpg,0,real,city
G:\CodexProjects\New project 3\data\real_dataset\city\city_12.jpg,0,real,city
G:\CodexProjects\New project 3\data\real_dataset\city\city_120.jpg,0,real,city
G:\CodexProjects\New project 3\data\real_dataset\city\city_121.jpg,0,real,city
G:\CodexProjects\New project 3\data\real_dataset\city\city_122.jpg,0,real,city
G:\CodexProjects\New project 3\data\real_dataset\city\city_123.jpg,0,real,city
G:\CodexProjects\New project 3\data\real_dataset\city\city_124.jpg,0,real,city
G:\CodexProjects\New project 3\data\real_dataset\city\city_125.jpg,0,real,city
G:\CodexProjects\New project 3\data\real_dataset\city\city_126.jpg,0,real,city
G:\CodexProjects\New project 3\data\real_dataset\city\city_127.jpg,0,real,city
G:\CodexProjects\New project 3\data\real_dataset\city\city_128.jpg,0,real,city
G:\CodexProjects\New project 3\data\real_dataset\city\city_129.jpg,0,real,city
G:\CodexProjects\New project 3\data\real_dataset\city\city_13.jpg,0,real,city
G:\CodexProjects\New project 3\data\real_dataset\city\city_130.jpg,0,real,city
G:\CodexProjects\New project 3\data\real_dataset\city\city_131.jpg,0,real,city
G:\CodexProjects\New project 3\data\real_dataset\city\city_132.jpg,0,real,city
G:\CodexProjects\New project 3\data\real_dataset\city\city_133.jpg,0,real,city
G:\CodexProjects\New project 3\data\real_dataset\city\city_134.jpg,0,real,city
G:\CodexProjects\New project 3\data\real_dataset\city\city_135.jpg,0,real,city
G:\CodexProjects\New project 3\data\real_dataset\city\city_136.jpg,0,real,city
G:\CodexProjects\New project 3\data\real_dataset\city\city_137.jpg,0,real,city
G:\CodexProjects\New project 3\data\real_dataset\city\city_138.jpg,0,real,city
G:\CodexProjects\New project 3\data\real_dataset\city\city_139.jpg,0,real,city
G:\CodexProjects\New project 3\data\real_dataset\city\city_14.jpg,0,real,city
G:\CodexProjects\New project 3\data\real_dataset\city\city_140.jpg,0,real,city
G:\CodexProjects\New project 3\data\real_dataset\city\city_141.jpg,0,real,city
G:\CodexProjects\New project 3\data\real_dataset\city\city_142.jpg,0,real,city
G:\CodexProjects\New project 3\data\real_dataset\city\city_143.jpg,0,real,city
G:\CodexProjects\New project 3\data\real_dataset\city\city_144.jpg,0,real,city
G:\CodexProjects\New project 3\data\real_dataset\city\city_145.jpg,0,real,city
G:\CodexProjects\New project 3\data\real_dataset\city\city_146.jpg,0,real,city
G:\CodexProjects\New project 3\data\real_dataset\city\city_147.jpg,0,real,city
G:\CodexProjects\New project 3\data\real_dataset\city\city_148.jpg,0,real,city
G:\CodexProjects\New project 3\data\real_dataset\city\city_149.jpg,0,real,city
G:\CodexProjects\New project 3\data\real_dataset\city\city_15.jpg,0,real,city
G:\CodexProjects\New project 3\data\real_dataset\city\city_16.jpg,0,real,city
G:\CodexProjects\New project 3\data\real_dataset\city\city_17.jpg,0,real,city
G:\CodexProjects\New project 3\data\real_dataset\city\city_18.jpg,0,real,city
G:\CodexProjects\New project 3\data\real_dataset\city\city_19.jpg,0,real,city
G:\CodexProjects\New project 3\data\real_dataset\city\city_2.jpg,0,real,city
G:\CodexProjects\New project 3\data\real_dataset\city\city_20.jpg,0,real,city
G:\CodexProjects\New project 3\data\real_dataset\city\city_21.jpg,0,real,city
G:\CodexProjects\New project 3\data\real_dataset\city\city_22.jpg,0,real,city
G:\CodexProjects\New project 3\data\real_dataset\city\city_23.jpg,0,real,city
G:\CodexProjects\New project 3\data\real_dataset\city\city_24.jpg,0,real,city
G:\CodexProjects\New project 3\data\real_dataset\city\city_25.jpg,0,real,city
G:\CodexProjects\New project 3\data\real_dataset\city\city_26.jpg,0,real,city
G:\CodexProjects\New project 3\data\real_dataset\city\city_27.jpg,0,real,city
G:\CodexProjects\New project 3\data\real_dataset\city\city_28.jpg,0,real,city
G:\CodexProjects\New project 3\data\real_dataset\city\city_29.jpg,0,real,city
G:\CodexProjects\New project 3\data\real_dataset\city\city_3.jpg,0,real,city
G:\CodexProjects\New project 3\data\real_dataset\city\city_30.jpg,0,real,city
G:\CodexProjects\New project 3\data\real_dataset\city\city_31.jpg,0,real,city
G:\CodexProjects\New project 3\data\real_dataset\city\city_32.jpg,0,real,city
G:\CodexProjects\New project 3\data\real_dataset\city\city_33.jpg,0,real,city
G:\CodexProjects\New project 3\data\real_dataset\city\city_34.jpg,0,real,city
G:\CodexProjects\New project 3\data\real_dataset\city\city_35.jpg,0,real,city
G:\CodexProjects\New project 3\data\real_dataset\city\city_36.jpg,0,real,city
G:\CodexProjects\New project 3\data\real_dataset\city\city_37.jpg,0,real,city
G:\CodexProjects\New project 3\data\real_dataset\city\city_38.jpg,0,real,city
G:\CodexProjects\New project 3\data\real_dataset\city\city_39.jpg,0,real,city
G:\CodexProjects\New project 3\data\real_dataset\city\city_4.jpg,0,real,city
G:\CodexProjects\New project 3\data\real_dataset\city\city_40.jpg,0,real,city
G:\CodexProjects\New project 3\data\real_dataset\city\city_41.jpg,0,real,city
G:\CodexProjects\New project 3\data\real_dataset\city\city_42.jpg,0,real,city
G:\CodexProjects\New project 3\data\real_dataset\city\city_43.jpg,0,real,city
G:\CodexProjects\New project 3\data\real_dataset\city\city_44.jpg,0,real,city
G:\CodexProjects\New project 3\data\real_dataset\city\city_45.jpg,0,real,city
G:\CodexProjects\New project 3\data\real_dataset\city\city_46.jpg,0,real,city
G:\CodexProjects\New project 3\data\real_dataset\city\city_47.jpg,0,real,city
G:\CodexProjects\New project 3\data\real_dataset\city\city_48.jpg,0,real,city
G:\CodexProjects\New project 3\data\real_dataset\city\city_49.jpg,0,real,city
G:\CodexProjects\New project 3\data\real_dataset\city\city_5.jpg,0,real,city
G:\CodexProjects\New project 3\data\real_dataset\city\city_50.jpg,0,real,city
G:\CodexProjects\New project 3\data\real_dataset\city\city_51.jpg,0,real,city
G:\CodexProjects\New project 3\data\real_dataset\city\city_52.jpg,0,real,city
G:\CodexProjects\New project 3\data\real_dataset\city\city_53.jpg,0,real,city
G:\CodexProjects\New project 3\data\real_dataset\city\city_54.jpg,0,real,city
G:\CodexProjects\New project 3\data\real_dataset\city\city_55.jpg,0,real,city
G:\CodexProjects\New project 3\data\real_dataset\city\city_56.jpg,0,real,city
G:\CodexProjects\New project 3\data\real_dataset\city\city_57.jpg,0,real,city
G:\CodexProjects\New project 3\data\real_dataset\city\city_58.jpg,0,real,city
G:\CodexProjects\New project 3\data\real_dataset\city\city_59.jpg,0,real,city
G:\CodexProjects\New project 3\data\real_dataset\city\city_6.jpg,0,real,city
G:\CodexProjects\New project 3\data\real_dataset\city\city_60.jpg,0,real,city
G:\CodexProjects\New project 3\data\real_dataset\city\city_61.jpg,0,real,city
G:\CodexProjects\New project 3\data\real_dataset\city\city_62.jpg,0,real,city
G:\CodexProjects\New project 3\data\real_dataset\city\city_63.jpg,0,real,city
G:\CodexProjects\New project 3\data\real_dataset\city\city_64.jpg,0,real,city
G:\CodexProjects\New project 3\data\real_dataset\city\city_65.jpg,0,real,city
G:\CodexProjects\New project 3\data\real_dataset\city\city_66.jpg,0,real,city
G:\CodexProjects\New project 3\data\real_dataset\city\city_67.jpg,0,real,city
G:\CodexProjects\New project 3\data\real_dataset\city\city_68.jpg,0,real,city
G:\CodexProjects\New project 3\data\real_dataset\city\city_69.jpg,0,real,city
G:\CodexProjects\New project 3\data\real_dataset\city\city_7.jpg,0,real,city
G:\CodexProjects\New project 3\data\real_dataset\city\city_70.jpg,0,real,city
G:\CodexProjects\New project 3\data\real_dataset\city\city_71.jpg,0,real,city
G:\CodexProjects\New project 3\data\real_dataset\city\city_72.jpg,0,real,city
G:\CodexProjects\New project 3\data\real_dataset\city\city_73.jpg,0,real,city
G:\CodexProjects\New project 3\data\real_dataset\city\city_74.jpg,0,real,city
G:\CodexProjects\New project 3\data\real_dataset\city\city_75.jpg,0,real,city
G:\CodexProjects\New project 3\data\real_dataset\city\city_76.jpg,0,real,city
G:\CodexProjects\New project 3\data\real_dataset\city\city_77.jpg,0,real,city
G:\CodexProjects\New project 3\data\real_dataset\city\city_78.jpg,0,real,city
G:\CodexProjects\New project 3\data\real_dataset\city\city_79.jpg,0,real,city
G:\CodexProjects\New project 3\data\real_dataset\city\city_8.jpg,0,real,city
G:\CodexProjects\New project 3\data\real_dataset\city\city_80.jpg,0,real,city
G:\CodexProjects\New project 3\data\real_dataset\city\city_81.jpg,0,real,city
G:\CodexProjects\New project 3\data\real_dataset\city\city_82.jpg,0,real,city
G:\CodexProjects\New project 3\data\real_dataset\city\city_83.jpg,0,real,city
G:\CodexProjects\New project 3\data\real_dataset\city\city_84.jpg,0,real,city
G:\CodexProjects\New project 3\data\real_dataset\city\city_85.jpg,0,real,city
G:\CodexProjects\New project 3\data\real_dataset\city\city_86.jpg,0,real,city
G:\CodexProjects\New project 3\data\real_dataset\city\city_87.jpg,0,real,city
G:\CodexProjects\New project 3\data\real_dataset\city\city_88.jpg,0,real,city
G:\CodexProjects\New project 3\data\real_dataset\city\city_89.jpg,0,real,city
G:\CodexProjects\New project 3\data\real_dataset\city\city_9.jpg,0,real,city
G:\CodexProjects\New project 3\data\real_dataset\city\city_90.jpg,0,real,city
G:\CodexProjects\New project 3\data\real_dataset\city\city_91.jpg,0,real,city
G:\CodexProjects\New project 3\data\real_dataset\city\city_92.jpg,0,real,city
G:\CodexProjects\New project 3\data\real_dataset\city\city_93.jpg,0,real,city
G:\CodexProjects\New project 3\data\real_dataset\city\city_94.jpg,0,real,city
G:\CodexProjects\New project 3\data\real_dataset\city\city_95.jpg,0,real,city
G:\CodexProjects\New project 3\data\real_dataset\city\city_96.jpg,0,real,city
G:\CodexProjects\New project 3\data\real_dataset\city\city_97.jpg,0,real,city
G:\CodexProjects\New project 3\data\real_dataset\city\city_98.jpg,0,real,city
G:\CodexProjects\New project 3\data\real_dataset\city\city_99.jpg,0,real,city
G:\CodexProjects\New project 3\data\real_dataset\food\food_0.jpg,0,real,food
G:\CodexProjects\New project 3\data\real_dataset\food\food_1.jpg,0,real,food
G:\CodexProjects\New project 3\data\real_dataset\food\food_10.jpg,0,real,food
G:\CodexProjects\New project 3\data\real_dataset\food\food_100.jpg,0,real,food
G:\CodexProjects\New project 3\data\real_dataset\food\food_101.jpg,0,real,food
G:\CodexProjects\New project 3\data\real_dataset\food\food_102.jpg,0,real,food
G:\CodexProjects\New project 3\data\real_dataset\food\food_103.jpg,0,real,food
G:\CodexProjects\New project 3\data\real_dataset\food\food_104.jpg,0,real,food
G:\CodexProjects\New project 3\data\real_dataset\food\food_105.jpg,0,real,food
G:\CodexProjects\New project 3\data\real_dataset\food\food_106.jpg,0,real,food
G:\CodexProjects\New project 3\data\real_dataset\food\food_107.jpg,0,real,food
G:\CodexProjects\New project 3\data\real_dataset\food\food_108.jpg,0,real,food
G:\CodexProjects\New project 3\data\real_dataset\food\food_109.jpg,0,real,food
G:\CodexProjects\New project 3\data\real_dataset\food\food_11.jpg,0,real,food
G:\CodexProjects\New project 3\data\real_dataset\food\food_110.jpg,0,real,food
G:\CodexProjects\New project 3\data\real_dataset\food\food_111.jpg,0,real,food
G:\CodexProjects\New project 3\data\real_dataset\food\food_112.jpg,0,real,food
G:\CodexProjects\New project 3\data\real_dataset\food\food_113.jpg,0,real,food
G:\CodexProjects\New project 3\data\real_dataset\food\food_114.jpg,0,real,food
G:\CodexProjects\New project 3\data\real_dataset\food\food_115.jpg,0,real,food
G:\CodexProjects\New project 3\data\real_dataset\food\food_116.jpg,0,real,food
G:\CodexProjects\New project 3\data\real_dataset\food\food_117.jpg,0,real,food
G:\CodexProjects\New project 3\data\real_dataset\food\food_118.jpg,0,real,food
G:\CodexProjects\New project 3\data\real_dataset\food\food_119.jpg,0,real,food
G:\CodexProjects\New project 3\data\real_dataset\food\food_12.jpg,0,real,food
G:\CodexProjects\New project 3\data\real_dataset\food\food_120.jpg,0,real,food
G:\CodexProjects\New project 3\data\real_dataset\food\food_121.jpg,0,real,food
G:\CodexProjects\New project 3\data\real_dataset\food\food_122.jpg,0,real,food
G:\CodexProjects\New project 3\data\real_dataset\food\food_123.jpg,0,real,food
G:\CodexProjects\New project 3\data\real_dataset\food\food_124.jpg,0,real,food
G:\CodexProjects\New project 3\data\real_dataset\food\food_125.jpg,0,real,food
G:\CodexProjects\New project 3\data\real_dataset\food\food_126.jpg,0,real,food
G:\CodexProjects\New project 3\data\real_dataset\food\food_127.jpg,0,real,food
G:\CodexProjects\New project 3\data\real_dataset\food\food_128.jpg,0,real,food
G:\CodexProjects\New project 3\data\real_dataset\food\food_129.jpg,0,real,food
G:\CodexProjects\New project 3\data\real_dataset\food\food_13.jpg,0,real,food
G:\CodexProjects\New project 3\data\real_dataset\food\food_130.jpg,0,real,food
G:\CodexProjects\New project 3\data\real_dataset\food\food_131.jpg,0,real,food
G:\CodexProjects\New project 3\data\real_dataset\food\food_132.jpg,0,real,food
G:\CodexProjects\New project 3\data\real_dataset\food\food_133.jpg,0,real,food
G:\CodexProjects\New project 3\data\real_dataset\food\food_134.jpg,0,real,food
G:\CodexProjects\New project 3\data\real_dataset\food\food_135.jpg,0,real,food
G:\CodexProjects\New project 3\data\real_dataset\food\food_136.jpg,0,real,food
G:\CodexProjects\New project 3\data\real_dataset\food\food_137.jpg,0,real,food
G:\CodexProjects\New project 3\data\real_dataset\food\food_138.jpg,0,real,food
G:\CodexProjects\New project 3\data\real_dataset\food\food_139.jpg,0,real,food
G:\CodexProjects\New project 3\data\real_dataset\food\food_14.jpg,0,real,food
G:\CodexProjects\New project 3\data\real_dataset\food\food_140.jpg,0,real,food
G:\CodexProjects\New project 3\data\real_dataset\food\food_141.jpg,0,real,food
G:\CodexProjects\New project 3\data\real_dataset\food\food_142.jpg,0,real,food
G:\CodexProjects\New project 3\data\real_dataset\food\food_143.jpg,0,real,food
G:\CodexProjects\New project 3\data\real_dataset\food\food_144.jpg,0,real,food
G:\CodexProjects\New project 3\data\real_dataset\food\food_145.jpg,0,real,food
G:\CodexProjects\New project 3\data\real_dataset\food\food_146.jpg,0,real,food
G:\CodexProjects\New project 3\data\real_dataset\food\food_147.jpg,0,real,food
G:\CodexProjects\New project 3\data\real_dataset\food\food_148.jpg,0,real,food
G:\CodexProjects\New project 3\data\real_dataset\food\food_149.jpg,0,real,food
G:\CodexProjects\New project 3\data\real_dataset\food\food_15.jpg,0,real,food
G:\CodexProjects\New project 3\data\real_dataset\food\food_16.jpg,0,real,food
G:\CodexProjects\New project 3\data\real_dataset\food\food_17.jpg,0,real,food
G:\CodexProjects\New project 3\data\real_dataset\food\food_18.jpg,0,real,food
G:\CodexProjects\New project 3\data\real_dataset\food\food_19.jpg,0,real,food
G:\CodexProjects\New project 3\data\real_dataset\food\food_2.jpg,0,real,food
G:\CodexProjects\New project 3\data\real_dataset\food\food_20.jpg,0,real,food
G:\CodexProjects\New project 3\data\real_dataset\food\food_21.jpg,0,real,food
G:\CodexProjects\New project 3\data\real_dataset\food\food_22.jpg,0,real,food
G:\CodexProjects\New project 3\data\real_dataset\food\food_23.jpg,0,real,food
G:\CodexProjects\New project 3\data\real_dataset\food\food_24.jpg,0,real,food
G:\CodexProjects\New project 3\data\real_dataset\food\food_25.jpg,0,real,food
G:\CodexProjects\New project 3\data\real_dataset\food\food_26.jpg,0,real,food
G:\CodexProjects\New project 3\data\real_dataset\food\food_27.jpg,0,real,food
G:\CodexProjects\New project 3\data\real_dataset\food\food_28.jpg,0,real,food
G:\CodexProjects\New project 3\data\real_dataset\food\food_29.jpg,0,real,food
G:\CodexProjects\New project 3\data\real_dataset\food\food_3.jpg,0,real,food
G:\CodexProjects\New project 3\data\real_dataset\food\food_30.jpg,0,real,food
G:\CodexProjects\New project 3\data\real_dataset\food\food_31.jpg,0,real,food
G:\CodexProjects\New project 3\data\real_dataset\food\food_32.jpg,0,real,food
G:\CodexProjects\New project 3\data\real_dataset\food\food_33.jpg,0,real,food
G:\CodexProjects\New project 3\data\real_dataset\food\food_34.jpg,0,real,food
G:\CodexProjects\New project 3\data\real_dataset\food\food_35.jpg,0,real,food
G:\CodexProjects\New project 3\data\real_dataset\food\food_36.jpg,0,real,food
G:\CodexProjects\New project 3\data\real_dataset\food\food_37.jpg,0,real,food
G:\CodexProjects\New project 3\data\real_dataset\food\food_38.jpg,0,real,food
G:\CodexProjects\New project 3\data\real_dataset\food\food_39.jpg,0,real,food
G:\CodexProjects\New project 3\data\real_dataset\food\food_4.jpg,0,real,food
G:\CodexProjects\New project 3\data\real_dataset\food\food_40.jpg,0,real,food
G:\CodexProjects\New project 3\data\real_dataset\food\food_41.jpg,0,real,food
G:\CodexProjects\New project 3\data\real_dataset\food\food_42.jpg,0,real,food
G:\CodexProjects\New project 3\data\real_dataset\food\food_43.jpg,0,real,food
G:\CodexProjects\New project 3\data\real_dataset\food\food_44.jpg,0,real,food
G:\CodexProjects\New project 3\data\real_dataset\food\food_45.jpg,0,real,food
G:\CodexProjects\New project 3\data\real_dataset\food\food_46.jpg,0,real,food
G:\CodexProjects\New project 3\data\real_dataset\food\food_47.jpg,0,real,food
G:\CodexProjects\New project 3\data\real_dataset\food\food_48.jpg,0,real,food
G:\CodexProjects\New project 3\data\real_dataset\food\food_49.jpg,0,real,food
G:\CodexProjects\New project 3\data\real_dataset\food\food_5.jpg,0,real,food
G:\CodexProjects\New project 3\data\real_dataset\food\food_50.jpg,0,real,food
G:\CodexProjects\New project 3\data\real_dataset\food\food_51.jpg,0,real,food
G:\CodexProjects\New project 3\data\real_dataset\food\food_52.jpg,0,real,food
G:\CodexProjects\New project 3\data\real_dataset\food\food_53.jpg,0,real,food
G:\CodexProjects\New project 3\data\real_dataset\food\food_54.jpg,0,real,food
G:\CodexProjects\New project 3\data\real_dataset\food\food_55.jpg,0,real,food
G:\CodexProjects\New project 3\data\real_dataset\food\food_56.jpg,0,real,food
G:\CodexProjects\New project 3\data\real_dataset\food\food_57.jpg,0,real,food
G:\CodexProjects\New project 3\data\real_dataset\food\food_58.jpg,0,real,food
G:\CodexProjects\New project 3\data\real_dataset\food\food_59.jpg,0,real,food
G:\CodexProjects\New project 3\data\real_dataset\food\food_6.jpg,0,real,food
G:\CodexProjects\New project 3\data\real_dataset\food\food_60.jpg,0,real,food
G:\CodexProjects\New project 3\data\real_dataset\food\food_61.jpg,0,real,food
G:\CodexProjects\New project 3\data\real_dataset\food\food_62.jpg,0,real,food
G:\CodexProjects\New project 3\data\real_dataset\food\food_63.jpg,0,real,food
G:\CodexProjects\New project 3\data\real_dataset\food\food_64.jpg,0,real,food
G:\CodexProjects\New project 3\data\real_dataset\food\food_65.jpg,0,real,food
G:\CodexProjects\New project 3\data\real_dataset\food\food_66.jpg,0,real,food
G:\CodexProjects\New project 3\data\real_dataset\food\food_67.jpg,0,real,food
G:\CodexProjects\New project 3\data\real_dataset\food\food_68.jpg,0,real,food
G:\CodexProjects\New project 3\data\real_dataset\food\food_69.jpg,0,real,food
G:\CodexProjects\New project 3\data\real_dataset\food\food_7.jpg,0,real,food
G:\CodexProjects\New project 3\data\real_dataset\food\food_70.jpg,0,real,food
G:\CodexProjects\New project 3\data\real_dataset\food\food_71.jpg,0,real,food
G:\CodexProjects\New project 3\data\real_dataset\food\food_72.jpg,0,real,food
G:\CodexProjects\New project 3\data\real_dataset\food\food_73.jpg,0,real,food
G:\CodexProjects\New project 3\data\real_dataset\food\food_74.jpg,0,real,food
G:\CodexProjects\New project 3\data\real_dataset\food\food_75.jpg,0,real,food
G:\CodexProjects\New project 3\data\real_dataset\food\food_76.jpg,0,real,food
G:\CodexProjects\New project 3\data\real_dataset\food\food_77.jpg,0,real,food
G:\CodexProjects\New project 3\data\real_dataset\food\food_78.jpg,0,real,food
G:\CodexProjects\New project 3\data\real_dataset\food\food_79.jpg,0,real,food
G:\CodexProjects\New project 3\data\real_dataset\food\food_8.jpg,0,real,food
G:\CodexProjects\New project 3\data\real_dataset\food\food_80.jpg,0,real,food
G:\CodexProjects\New project 3\data\real_dataset\food\food_81.jpg,0,real,food
G:\CodexProjects\New project 3\data\real_dataset\food\food_82.jpg,0,real,food
G:\CodexProjects\New project 3\data\real_dataset\food\food_83.jpg,0,real,food
G:\CodexProjects\New project 3\data\real_dataset\food\food_84.jpg,0,real,food
G:\CodexProjects\New project 3\data\real_dataset\food\food_85.jpg,0,real,food
G:\CodexProjects\New project 3\data\real_dataset\food\food_86.jpg,0,real,food
G:\CodexProjects\New project 3\data\real_dataset\food\food_87.jpg,0,real,food
G:\CodexProjects\New project 3\data\real_dataset\food\food_88.jpg,0,real,food
G:\CodexProjects\New project 3\data\real_dataset\food\food_89.jpg,0,real,food
G:\CodexProjects\New project 3\data\real_dataset\food\food_9.jpg,0,real,food
G:\CodexProjects\New project 3\data\real_dataset\food\food_90.jpg,0,real,food
G:\CodexProjects\New project 3\data\real_dataset\food\food_91.jpg,0,real,food
G:\CodexProjects\New project 3\data\real_dataset\food\food_92.jpg,0,real,food
G:\CodexProjects\New project 3\data\real_dataset\food\food_93.jpg,0,real,food
G:\CodexProjects\New project 3\data\real_dataset\food\food_94.jpg,0,real,food
G:\CodexProjects\New project 3\data\real_dataset\food\food_95.jpg,0,real,food
G:\CodexProjects\New project 3\data\real_dataset\food\food_96.jpg,0,real,food
G:\CodexProjects\New project 3\data\real_dataset\food\food_97.jpg,0,real,food
G:\CodexProjects\New project 3\data\real_dataset\food\food_98.jpg,0,real,food
G:\CodexProjects\New project 3\data\real_dataset\food\food_99.jpg,0,real,food
G:\CodexProjects\New project 3\data\real_dataset\nature\nature_0.jpg,0,real,nature
G:\CodexProjects\New project 3\data\real_dataset\nature\nature_1.jpg,0,real,nature
G:\CodexProjects\New project 3\data\real_dataset\nature\nature_10.jpg,0,real,nature
G:\CodexProjects\New project 3\data\real_dataset\nature\nature_100.jpg,0,real,nature
G:\CodexProjects\New project 3\data\real_dataset\nature\nature_101.jpg,0,real,nature
G:\CodexProjects\New project 3\data\real_dataset\nature\nature_102.jpg,0,real,nature
G:\CodexProjects\New project 3\data\real_dataset\nature\nature_103.jpg,0,real,nature
G:\CodexProjects\New project 3\data\real_dataset\nature\nature_104.jpg,0,real,nature
G:\CodexProjects\New project 3\data\real_dataset\nature\nature_105.jpg,0,real,nature
G:\CodexProjects\New project 3\data\real_dataset\nature\nature_106.jpg,0,real,nature
G:\CodexProjects\New project 3\data\real_dataset\nature\nature_107.jpg,0,real,nature
G:\CodexProjects\New project 3\data\real_dataset\nature\nature_108.jpg,0,real,nature
G:\CodexProjects\New project 3\data\real_dataset\nature\nature_109.jpg,0,real,nature
G:\CodexProjects\New project 3\data\real_dataset\nature\nature_11.jpg,0,real,nature
G:\CodexProjects\New project 3\data\real_dataset\nature\nature_110.jpg,0,real,nature
G:\CodexProjects\New project 3\data\real_dataset\nature\nature_111.jpg,0,real,nature
G:\CodexProjects\New project 3\data\real_dataset\nature\nature_112.jpg,0,real,nature
G:\CodexProjects\New project 3\data\real_dataset\nature\nature_113.jpg,0,real,nature
G:\CodexProjects\New project 3\data\real_dataset\nature\nature_114.jpg,0,real,nature
G:\CodexProjects\New project 3\data\real_dataset\nature\nature_115.jpg,0,real,nature
G:\CodexProjects\New project 3\data\real_dataset\nature\nature_116.jpg,0,real,nature
G:\CodexProjects\New project 3\data\real_dataset\nature\nature_117.jpg,0,real,nature
G:\CodexProjects\New project 3\data\real_dataset\nature\nature_118.jpg,0,real,nature
G:\CodexProjects\New project 3\data\real_dataset\nature\nature_119.jpg,0,real,nature
G:\CodexProjects\New project 3\data\real_dataset\nature\nature_12.jpg,0,real,nature
G:\CodexProjects\New project 3\data\real_dataset\nature\nature_120.jpg,0,real,nature
G:\CodexProjects\New project 3\data\real_dataset\nature\nature_121.jpg,0,real,nature
G:\CodexProjects\New project 3\data\real_dataset\nature\nature_122.jpg,0,real,nature
G:\CodexProjects\New project 3\data\real_dataset\nature\nature_123.jpg,0,real,nature
G:\CodexProjects\New project 3\data\real_dataset\nature\nature_124.jpg,0,real,nature
G:\CodexProjects\New project 3\data\real_dataset\nature\nature_125.jpg,0,real,nature
G:\CodexProjects\New project 3\data\real_dataset\nature\nature_126.jpg,0,real,nature
G:\CodexProjects\New project 3\data\real_dataset\nature\nature_127.jpg,0,real,nature
G:\CodexProjects\New project 3\data\real_dataset\nature\nature_128.jpg,0,real,nature
G:\CodexProjects\New project 3\data\real_dataset\nature\nature_129.jpg,0,real,nature
G:\CodexProjects\New project 3\data\real_dataset\nature\nature_13.jpg,0,real,nature
G:\CodexProjects\New project 3\data\real_dataset\nature\nature_130.jpg,0,real,nature
G:\CodexProjects\New project 3\data\real_dataset\nature\nature_131.jpg,0,real,nature
G:\CodexProjects\New project 3\data\real_dataset\nature\nature_132.jpg,0,real,nature
G:\CodexProjects\New project 3\data\real_dataset\nature\nature_133.jpg,0,real,nature
G:\CodexProjects\New project 3\data\real_dataset\nature\nature_134.jpg,0,real,nature
G:\CodexProjects\New project 3\data\real_dataset\nature\nature_135.jpg,0,real,nature
G:\CodexProjects\New project 3\data\real_dataset\nature\nature_136.jpg,0,real,nature
G:\CodexProjects\New project 3\data\real_dataset\nature\nature_137.jpg,0,real,nature
G:\CodexProjects\New project 3\data\real_dataset\nature\nature_138.jpg,0,real,nature
G:\CodexProjects\New project 3\data\real_dataset\nature\nature_139.jpg,0,real,nature
G:\CodexProjects\New project 3\data\real_dataset\nature\nature_14.jpg,0,real,nature
G:\CodexProjects\New project 3\data\real_dataset\nature\nature_140.jpg,0,real,nature
G:\CodexProjects\New project 3\data\real_dataset\nature\nature_141.jpg,0,real,nature
G:\CodexProjects\New project 3\data\real_dataset\nature\nature_142.jpg,0,real,nature
G:\CodexProjects\New project 3\data\real_dataset\nature\nature_143.jpg,0,real,nature
G:\CodexProjects\New project 3\data\real_dataset\nature\nature_144.jpg,0,real,nature
G:\CodexProjects\New project 3\data\real_dataset\nature\nature_145.jpg,0,real,nature
G:\CodexProjects\New project 3\data\real_dataset\nature\nature_146.jpg,0,real,nature
G:\CodexProjects\New project 3\data\real_dataset\nature\nature_147.jpg,0,real,nature
G:\CodexProjects\New project 3\data\real_dataset\nature\nature_148.jpg,0,real,nature
G:\CodexProjects\New project 3\data\real_dataset\nature\nature_149.jpg,0,real,nature
G:\CodexProjects\New project 3\data\real_dataset\nature\nature_15.jpg,0,real,nature
G:\CodexProjects\New project 3\data\real_dataset\nature\nature_16.jpg,0,real,nature
G:\CodexProjects\New project 3\data\real_dataset\nature\nature_17.jpg,0,real,nature
G:\CodexProjects\New project 3\data\real_dataset\nature\nature_18.jpg,0,real,nature
G:\CodexProjects\New project 3\data\real_dataset\nature\nature_19.jpg,0,real,nature
G:\CodexProjects\New project 3\data\real_dataset\nature\nature_2.jpg,0,real,nature
G:\CodexProjects\New project 3\data\real_dataset\nature\nature_20.jpg,0,real,nature
G:\CodexProjects\New project 3\data\real_dataset\nature\nature_21.jpg,0,real,nature
G:\CodexProjects\New project 3\data\real_dataset\nature\nature_22.jpg,0,real,nature
G:\CodexProjects\New project 3\data\real_dataset\nature\nature_23.jpg,0,real,nature
G:\CodexProjects\New project 3\data\real_dataset\nature\nature_24.jpg,0,real,nature
G:\CodexProjects\New project 3\data\real_dataset\nature\nature_25.jpg,0,real,nature
G:\CodexProjects\New project 3\data\real_dataset\nature\nature_26.jpg,0,real,nature
G:\CodexProjects\New project 3\data\real_dataset\nature\nature_27.jpg,0,real,nature
G:\CodexProjects\New project 3\data\real_dataset\nature\nature_28.jpg,0,real,nature
G:\CodexProjects\New project 3\data\real_dataset\nature\nature_29.jpg,0,real,nature
G:\CodexProjects\New project 3\data\real_dataset\nature\nature_3.jpg,0,real,nature
G:\CodexProjects\New project 3\data\real_dataset\nature\nature_30.jpg,0,real,nature
G:\CodexProjects\New project 3\data\real_dataset\nature\nature_31.jpg,0,real,nature
G:\CodexProjects\New project 3\data\real_dataset\nature\nature_32.jpg,0,real,nature
G:\CodexProjects\New project 3\data\real_dataset\nature\nature_33.jpg,0,real,nature
G:\CodexProjects\New project 3\data\real_dataset\nature\nature_34.jpg,0,real,nature
G:\CodexProjects\New project 3\data\real_dataset\nature\nature_35.jpg,0,real,nature
G:\CodexProjects\New project 3\data\real_dataset\nature\nature_36.jpg,0,real,nature
G:\CodexProjects\New project 3\data\real_dataset\nature\nature_37.jpg,0,real,nature
G:\CodexProjects\New project 3\data\real_dataset\nature\nature_38.jpg,0,real,nature
G:\CodexProjects\New project 3\data\real_dataset\nature\nature_39.jpg,0,real,nature
G:\CodexProjects\New project 3\data\real_dataset\nature\nature_4.jpg,0,real,nature
G:\CodexProjects\New project 3\data\real_dataset\nature\nature_40.jpg,0,real,nature
G:\CodexProjects\New project 3\data\real_dataset\nature\nature_41.jpg,0,real,nature
G:\CodexProjects\New project 3\data\real_dataset\nature\nature_42.jpg,0,real,nature
G:\CodexProjects\New project 3\data\real_dataset\nature\nature_43.jpg,0,real,nature
G:\CodexProjects\New project 3\data\real_dataset\nature\nature_44.jpg,0,real,nature
G:\CodexProjects\New project 3\data\real_dataset\nature\nature_45.jpg,0,real,nature
G:\CodexProjects\New project 3\data\real_dataset\nature\nature_46.jpg,0,real,nature
G:\CodexProjects\New project 3\data\real_dataset\nature\nature_47.jpg,0,real,nature
G:\CodexProjects\New project 3\data\real_dataset\nature\nature_48.jpg,0,real,nature
G:\CodexProjects\New project 3\data\real_dataset\nature\nature_49.jpg,0,real,nature
G:\CodexProjects\New project 3\data\real_dataset\nature\nature_5.jpg,0,real,nature
G:\CodexProjects\New project 3\data\real_dataset\nature\nature_50.jpg,0,real,nature
G:\CodexProjects\New project 3\data\real_dataset\nature\nature_51.jpg,0,real,nature
G:\CodexProjects\New project 3\data\real_dataset\nature\nature_52.jpg,0,real,nature
G:\CodexProjects\New project 3\data\real_dataset\nature\nature_53.jpg,0,real,nature
G:\CodexProjects\New project 3\data\real_dataset\nature\nature_54.jpg,0,real,nature
G:\CodexProjects\New project 3\data\real_dataset\nature\nature_55.jpg,0,real,nature
G:\CodexProjects\New project 3\data\real_dataset\nature\nature_56.jpg,0,real,nature
G:\CodexProjects\New project 3\data\real_dataset\nature\nature_57.jpg,0,real,nature
G:\CodexProjects\New project 3\data\real_dataset\nature\nature_58.jpg,0,real,nature
G:\CodexProjects\New project 3\data\real_dataset\nature\nature_59.jpg,0,real,nature
G:\CodexProjects\New project 3\data\real_dataset\nature\nature_6.jpg,0,real,nature
G:\CodexProjects\New project 3\data\real_dataset\nature\nature_60.jpg,0,real,nature
G:\CodexProjects\New project 3\data\real_dataset\nature\nature_61.jpg,0,real,nature
G:\CodexProjects\New project 3\data\real_dataset\nature\nature_62.jpg,0,real,nature
G:\CodexProjects\New project 3\data\real_dataset\nature\nature_63.jpg,0,real,nature
G:\CodexProjects\New project 3\data\real_dataset\nature\nature_64.jpg,0,real,nature
G:\CodexProjects\New project 3\data\real_dataset\nature\nature_65.jpg,0,real,nature
G:\CodexProjects\New project 3\data\real_dataset\nature\nature_66.jpg,0,real,nature
G:\CodexProjects\New project 3\data\real_dataset\nature\nature_67.jpg,0,real,nature
G:\CodexProjects\New project 3\data\real_dataset\nature\nature_68.jpg,0,real,nature
G:\CodexProjects\New project 3\data\real_dataset\nature\nature_69.jpg,0,real,nature
G:\CodexProjects\New project 3\data\real_dataset\nature\nature_7.jpg,0,real,nature
G:\CodexProjects\New project 3\data\real_dataset\nature\nature_70.jpg,0,real,nature
G:\CodexProjects\New project 3\data\real_dataset\nature\nature_71.jpg,0,real,nature
G:\CodexProjects\New project 3\data\real_dataset\nature\nature_72.jpg,0,real,nature
G:\CodexProjects\New project 3\data\real_dataset\nature\nature_73.jpg,0,real,nature
G:\CodexProjects\New project 3\data\real_dataset\nature\nature_74.jpg,0,real,nature
G:\CodexProjects\New project 3\data\real_dataset\nature\nature_75.jpg,0,real,nature
G:\CodexProjects\New project 3\data\real_dataset\nature\nature_76.jpg,0,real,nature
G:\CodexProjects\New project 3\data\real_dataset\nature\nature_77.jpg,0,real,nature
G:\CodexProjects\New project 3\data\real_dataset\nature\nature_78.jpg,0,real,nature
G:\CodexProjects\New project 3\data\real_dataset\nature\nature_79.jpg,0,real,nature
G:\CodexProjects\New project 3\data\real_dataset\nature\nature_8.jpg,0,real,nature
G:\CodexProjects\New project 3\data\real_dataset\nature\nature_80.jpg,0,real,nature
G:\CodexProjects\New project 3\data\real_dataset\nature\nature_81.jpg,0,real,nature
G:\CodexProjects\New project 3\data\real_dataset\nature\nature_82.jpg,0,real,nature
G:\CodexProjects\New project 3\data\real_dataset\nature\nature_83.jpg,0,real,nature
G:\CodexProjects\New project 3\data\real_dataset\nature\nature_84.jpg,0,real,nature
G:\CodexProjects\New project 3\data\real_dataset\nature\nature_85.jpg,0,real,nature
G:\CodexProjects\New project 3\data\real_dataset\nature\nature_86.jpg,0,real,nature
G:\CodexProjects\New project 3\data\real_dataset\nature\nature_87.jpg,0,real,nature
G:\CodexProjects\New project 3\data\real_dataset\nature\nature_88.jpg,0,real,nature
G:\CodexProjects\New project 3\data\real_dataset\nature\nature_89.jpg,0,real,nature
G:\CodexProjects\New project 3\data\real_dataset\nature\nature_9.jpg,0,real,nature
G:\CodexProjects\New project 3\data\real_dataset\nature\nature_90.jpg,0,real,nature
G:\CodexProjects\New project 3\data\real_dataset\nature\nature_91.jpg,0,real,nature
G:\CodexProjects\New project 3\data\real_dataset\nature\nature_92.jpg,0,real,nature
G:\CodexProjects\New project 3\data\real_dataset\nature\nature_93.jpg,0,real,nature
G:\CodexProjects\New project 3\data\real_dataset\nature\nature_94.jpg,0,real,nature
G:\CodexProjects\New project 3\data\real_dataset\nature\nature_95.jpg,0,real,nature
G:\CodexProjects\New project 3\data\real_dataset\nature\nature_96.jpg,0,real,nature
G:\CodexProjects\New project 3\data\real_dataset\nature\nature_97.jpg,0,real,nature
G:\CodexProjects\New project 3\data\real_dataset\nature\nature_98.jpg,0,real,nature
G:\CodexProjects\New project 3\data\real_dataset\nature\nature_99.jpg,0,real,nature
G:\CodexProjects\New project 3\data\real_dataset\people\people_0.jpg,0,real,people
G:\CodexProjects\New project 3\data\real_dataset\people\people_1.jpg,0,real,people
G:\CodexProjects\New project 3\data\real_dataset\people\people_10.jpg,0,real,people
G:\CodexProjects\New project 3\data\real_dataset\people\people_100.jpg,0,real,people
G:\CodexProjects\New project 3\data\real_dataset\people\people_101.jpg,0,real,people
G:\CodexProjects\New project 3\data\real_dataset\people\people_102.jpg,0,real,people
G:\CodexProjects\New project 3\data\real_dataset\people\people_103.jpg,0,real,people
G:\CodexProjects\New project 3\data\real_dataset\people\people_104.jpg,0,real,people
G:\CodexProjects\New project 3\data\real_dataset\people\people_105.jpg,0,real,people
G:\CodexProjects\New project 3\data\real_dataset\people\people_106.jpg,0,real,people
G:\CodexProjects\New project 3\data\real_dataset\people\people_107.jpg,0,real,people
G:\CodexProjects\New project 3\data\real_dataset\people\people_108.jpg,0,real,people
G:\CodexProjects\New project 3\data\real_dataset\people\people_109.jpg,0,real,people
G:\CodexProjects\New project 3\data\real_dataset\people\people_11.jpg,0,real,people
G:\CodexProjects\New project 3\data\real_dataset\people\people_110.jpg,0,real,people
G:\CodexProjects\New project 3\data\real_dataset\people\people_111.jpg,0,real,people
G:\CodexProjects\New project 3\data\real_dataset\people\people_112.jpg,0,real,people
G:\CodexProjects\New project 3\data\real_dataset\people\people_113.jpg,0,real,people
G:\CodexProjects\New project 3\data\real_dataset\people\people_114.jpg,0,real,people
G:\CodexProjects\New project 3\data\real_dataset\people\people_115.jpg,0,real,people
G:\CodexProjects\New project 3\data\real_dataset\people\people_116.jpg,0,real,people
G:\CodexProjects\New project 3\data\real_dataset\people\people_117.jpg,0,real,people
G:\CodexProjects\New project 3\data\real_dataset\people\people_118.jpg,0,real,people
G:\CodexProjects\New project 3\data\real_dataset\people\people_119.jpg,0,real,people
G:\CodexProjects\New project 3\data\real_dataset\people\people_12.jpg,0,real,people
G:\CodexProjects\New project 3\data\real_dataset\people\people_120.jpg,0,real,people
G:\CodexProjects\New project 3\data\real_dataset\people\people_121.jpg,0,real,people
G:\CodexProjects\New project 3\data\real_dataset\people\people_122.jpg,0,real,people
G:\CodexProjects\New project 3\data\real_dataset\people\people_123.jpg,0,real,people
G:\CodexProjects\New project 3\data\real_dataset\people\people_124.jpg,0,real,people
G:\CodexProjects\New project 3\data\real_dataset\people\people_125.jpg,0,real,people
G:\CodexProjects\New project 3\data\real_dataset\people\people_126.jpg,0,real,people
G:\CodexProjects\New project 3\data\real_dataset\people\people_127.jpg,0,real,people
G:\CodexProjects\New project 3\data\real_dataset\people\people_128.jpg,0,real,people
G:\CodexProjects\New project 3\data\real_dataset\people\people_129.jpg,0,real,people
G:\CodexProjects\New project 3\data\real_dataset\people\people_13.jpg,0,real,people
G:\CodexProjects\New project 3\data\real_dataset\people\people_130.jpg,0,real,people
G:\CodexProjects\New project 3\data\real_dataset\people\people_131.jpg,0,real,people
G:\CodexProjects\New project 3\data\real_dataset\people\people_132.jpg,0,real,people
G:\CodexProjects\New project 3\data\real_dataset\people\people_133.jpg,0,real,people
G:\CodexProjects\New project 3\data\real_dataset\people\people_134.jpg,0,real,people
G:\CodexProjects\New project 3\data\real_dataset\people\people_135.jpg,0,real,people
G:\CodexProjects\New project 3\data\real_dataset\people\people_136.jpg,0,real,people
G:\CodexProjects\New project 3\data\real_dataset\people\people_137.jpg,0,real,people
G:\CodexProjects\New project 3\data\real_dataset\people\people_138.jpg,0,real,people
G:\CodexProjects\New project 3\data\real_dataset\people\people_139.jpg,0,real,people
G:\CodexProjects\New project 3\data\real_dataset\people\people_14.jpg,0,real,people
G:\CodexProjects\New project 3\data\real_dataset\people\people_140.jpg,0,real,people
G:\CodexProjects\New project 3\data\real_dataset\people\people_141.jpg,0,real,people
G:\CodexProjects\New project 3\data\real_dataset\people\people_142.jpg,0,real,people
G:\CodexProjects\New project 3\data\real_dataset\people\people_143.jpg,0,real,people
G:\CodexProjects\New project 3\data\real_dataset\people\people_144.jpg,0,real,people
G:\CodexProjects\New project 3\data\real_dataset\people\people_145.jpg,0,real,people
G:\CodexProjects\New project 3\data\real_dataset\people\people_146.jpg,0,real,people
G:\CodexProjects\New project 3\data\real_dataset\people\people_15.jpg,0,real,people
G:\CodexProjects\New project 3\data\real_dataset\people\people_16.jpg,0,real,people
G:\CodexProjects\New project 3\data\real_dataset\people\people_17.jpg,0,real,people
G:\CodexProjects\New project 3\data\real_dataset\people\people_18.jpg,0,real,people
G:\CodexProjects\New project 3\data\real_dataset\people\people_19.jpg,0,real,people
G:\CodexProjects\New project 3\data\real_dataset\people\people_2.jpg,0,real,people
G:\CodexProjects\New project 3\data\real_dataset\people\people_20.jpg,0,real,people
G:\CodexProjects\New project 3\data\real_dataset\people\people_21.jpg,0,real,people
G:\CodexProjects\New project 3\data\real_dataset\people\people_22.jpg,0,real,people
G:\CodexProjects\New project 3\data\real_dataset\people\people_23.jpg,0,real,people
G:\CodexProjects\New project 3\data\real_dataset\people\people_24.jpg,0,real,people
G:\CodexProjects\New project 3\data\real_dataset\people\people_25.jpg,0,real,people
G:\CodexProjects\New project 3\data\real_dataset\people\people_26.jpg,0,real,people
G:\CodexProjects\New project 3\data\real_dataset\people\people_27.jpg,0,real,people
G:\CodexProjects\New project 3\data\real_dataset\people\people_28.jpg,0,real,people
G:\CodexProjects\New project 3\data\real_dataset\people\people_29.jpg,0,real,people
G:\CodexProjects\New project 3\data\real_dataset\people\people_3.jpg,0,real,people
G:\CodexProjects\New project 3\data\real_dataset\people\people_30.jpg,0,real,people
G:\CodexProjects\New project 3\data\real_dataset\people\people_31.jpg,0,real,people
G:\CodexProjects\New project 3\data\real_dataset\people\people_32.jpg,0,real,people
G:\CodexProjects\New project 3\data\real_dataset\people\people_33.jpg,0,real,people
G:\CodexProjects\New project 3\data\real_dataset\people\people_34.jpg,0,real,people
G:\CodexProjects\New project 3\data\real_dataset\people\people_35.jpg,0,real,people
G:\CodexProjects\New project 3\data\real_dataset\people\people_36.jpg,0,real,people
G:\CodexProjects\New project 3\data\real_dataset\people\people_37.jpg,0,real,people
G:\CodexProjects\New project 3\data\real_dataset\people\people_38.jpg,0,real,people
G:\CodexProjects\New project 3\data\real_dataset\people\people_39.jpg,0,real,people
G:\CodexProjects\New project 3\data\real_dataset\people\people_4.jpg,0,real,people
G:\CodexProjects\New project 3\data\real_dataset\people\people_40.jpg,0,real,people
G:\CodexProjects\New project 3\data\real_dataset\people\people_41.jpg,0,real,people
G:\CodexProjects\New project 3\data\real_dataset\people\people_42.jpg,0,real,people
G:\CodexProjects\New project 3\data\real_dataset\people\people_43.jpg,0,real,people
G:\CodexProjects\New project 3\data\real_dataset\people\people_44.jpg,0,real,people
G:\CodexProjects\New project 3\data\real_dataset\people\people_45.jpg,0,real,people
G:\CodexProjects\New project 3\data\real_dataset\people\people_46.jpg,0,real,people
G:\CodexProjects\New project 3\data\real_dataset\people\people_47.jpg,0,real,people
G:\CodexProjects\New project 3\data\real_dataset\people\people_48.jpg,0,real,people
G:\CodexProjects\New project 3\data\real_dataset\people\people_49.jpg,0,real,people
G:\CodexProjects\New project 3\data\real_dataset\people\people_5.jpg,0,real,people
G:\CodexProjects\New project 3\data\real_dataset\people\people_50.jpg,0,real,people
G:\CodexProjects\New project 3\data\real_dataset\people\people_51.jpg,0,real,people
G:\CodexProjects\New project 3\data\real_dataset\people\people_52.jpg,0,real,people
G:\CodexProjects\New project 3\data\real_dataset\people\people_53.jpg,0,real,people
G:\CodexProjects\New project 3\data\real_dataset\people\people_54.jpg,0,real,people
G:\CodexProjects\New project 3\data\real_dataset\people\people_55.jpg,0,real,people
G:\CodexProjects\New project 3\data\real_dataset\people\people_56.jpg,0,real,people
G:\CodexProjects\New project 3\data\real_dataset\people\people_57.jpg,0,real,people
G:\CodexProjects\New project 3\data\real_dataset\people\people_58.jpg,0,real,people
G:\CodexProjects\New project 3\data\real_dataset\people\people_59.jpg,0,real,people
G:\CodexProjects\New project 3\data\real_dataset\people\people_6.jpg,0,real,people
G:\CodexProjects\New project 3\data\real_dataset\people\people_60.jpg,0,real,people
G:\CodexProjects\New project 3\data\real_dataset\people\people_61.jpg,0,real,people
G:\CodexProjects\New project 3\data\real_dataset\people\people_62.jpg,0,real,people
G:\CodexProjects\New project 3\data\real_dataset\people\people_63.jpg,0,real,people
G:\CodexProjects\New project 3\data\real_dataset\people\people_64.jpg,0,real,people
G:\CodexProjects\New project 3\data\real_dataset\people\people_65.jpg,0,real,people
G:\CodexProjects\New project 3\data\real_dataset\people\people_66.jpg,0,real,people
G:\CodexProjects\New project 3\data\real_dataset\people\people_67.jpg,0,real,people
G:\CodexProjects\New project 3\data\real_dataset\people\people_68.jpg,0,real,people
G:\CodexProjects\New project 3\data\real_dataset\people\people_69.jpg,0,real,people
G:\CodexProjects\New project 3\data\real_dataset\people\people_7.jpg,0,real,people
G:\CodexProjects\New project 3\data\real_dataset\people\people_70.jpg,0,real,people
G:\CodexProjects\New project 3\data\real_dataset\people\people_71.jpg,0,real,people
G:\CodexProjects\New project 3\data\real_dataset\people\people_72.jpg,0,real,people
G:\CodexProjects\New project 3\data\real_dataset\people\people_73.jpg,0,real,people
G:\CodexProjects\New project 3\data\real_dataset\people\people_74.jpg,0,real,people
G:\CodexProjects\New project 3\data\real_dataset\people\people_75.jpg,0,real,people
G:\CodexProjects\New project 3\data\real_dataset\people\people_76.jpg,0,real,people
G:\CodexProjects\New project 3\data\real_dataset\people\people_77.jpg,0,real,people
G:\CodexProjects\New project 3\data\real_dataset\people\people_78.jpg,0,real,people
G:\CodexProjects\New project 3\data\real_dataset\people\people_79.jpg,0,real,people
G:\CodexProjects\New project 3\data\real_dataset\people\people_8.jpg,0,real,people
G:\CodexProjects\New project 3\data\real_dataset\people\people_80.jpg,0,real,people
G:\CodexProjects\New project 3\data\real_dataset\people\people_81.jpg,0,real,people
G:\CodexProjects\New project 3\data\real_dataset\people\people_82.jpg,0,real,people
G:\CodexProjects\New project 3\data\real_dataset\people\people_83.jpg,0,real,people
G:\CodexProjects\New project 3\data\real_dataset\people\people_84.jpg,0,real,people
G:\CodexProjects\New project 3\data\real_dataset\people\people_85.jpg,0,real,people
G:\CodexProjects\New project 3\data\real_dataset\people\people_86.jpg,0,real,people
G:\CodexProjects\New project 3\data\real_dataset\people\people_87.jpg,0,real,people
G:\CodexProjects\New project 3\data\real_dataset\people\people_88.jpg,0,real,people
G:\CodexProjects\New project 3\data\real_dataset\people\people_89.jpg,0,real,people
G:\CodexProjects\New project 3\data\real_dataset\people\people_9.jpg,0,real,people
G:\CodexProjects\New project 3\data\real_dataset\people\people_90.jpg,0,real,people
G:\CodexProjects\New project 3\data\real_dataset\people\people_91.jpg,0,real,people
G:\CodexProjects\New project 3\data\real_dataset\people\people_92.jpg,0,real,people
G:\CodexProjects\New project 3\data\real_dataset\people\people_93.jpg,0,real,people
G:\CodexProjects\New project 3\data\real_dataset\people\people_94.jpg,0,real,people
G:\CodexProjects\New project 3\data\real_dataset\people\people_95.jpg,0,real,people
G:\CodexProjects\New project 3\data\real_dataset\people\people_96.jpg,0,real,people
G:\CodexProjects\New project 3\data\real_dataset\people\people_97.jpg,0,real,people
G:\CodexProjects\New project 3\data\real_dataset\people\people_98.jpg,0,real,people
G:\CodexProjects\New project 3\data\real_dataset\people\people_99.jpg,0,real,people
